Model,R2,MAE,RMSE
Linear Regression (Log2 Salary),0.11239438050791106,5795148.441712929,10666804.147969816
