Model,R2,MAE,RMSE
Improved Neural Network (All Features + LR Scheduler),-1.5732071488584558,8725662.994932432,18161916.481234413
