Model,R2,MAE,RMSE
Random Forest (Log2 Salary),0.04907468189011599,5920701.724806676,11040722.766119232
