Model,R2,MAE,RMSE
Linear Regression (Log2 Salary),-0.10944746700751562,4260077.896222478,7286570.178983605
