Model,R2,MAE,RMSE
Improved Neural Network (All Features + LR Scheduler),-0.16582092860831232,4342901.71763393,7469399.776122668
