Model,R2,MAE,RMSE
Random Forest (Log2 Salary),-0.11670985996999184,4138474.207327073,7310380.057431932
